db;keyword;volume
de;permesso di soggiorno;2900
de;immobiliare.it;1900
de;idealista italy;880
de;tecnocasa;880
de;casa.it;590
de;homes for sale in italy;210
de;gate away;210
de;real estate italy;140
de;italy real estate;110
de;houses for sale in sicily italy;110
de;cheap houses in italy;110
de;houses for sale in italy;90
de;houses for sale in sardinia italy;90
de;property for sale in italy;70
de;property in italy;70
de;sardinia italy real estate;70
de;amalfi coast italy real estate;90
de;real estate sicily italy;50
de;houses for sale lake como italy;50
de;property for sale in lake como italy;50
de;1 euro houses italy;50
de;italian real estate;50
de;italy property for sale;50
de;houses in italy for sale;40
de;houses for sale in tuscany italy;40
de;tuscany italy real estate;40
de;real estate tuscany italy;40
de;gate-away italy;40
de;TAIL_OTHER;1600
au;houses for sale in italy;880
au;italy real estate;720
au;real estate italy;720
au;1 euro houses italy;720
au;idealista italy;720
au;homes for sale in italy;590
au;italian real estate;480
au;houses for sale in tuscany italy;390
au;houses for sale in sicily italy;210
au;property for sale in tuscany italy;210
au;italian property for sale;210
au;italy property for sale;170
au;cheap houses in italy;170
au;houses for sale in sardinia italy;110
au;houses in italy for sale;110
au;property for sale in sicily italy;110
au;apartments for sale in rome italy;110
au;lake como property for sale;110
au;houses for sale in puglia italy;110
au;property in italy;140
au;buying property in italy;140
au;cheap houses for sale in italy;140
au;villas for sale in tuscany italy;140
au;real estate tuscany italy;140
au;houses for sale lake como italy;140
au;houses for sale in sorrento italy;260
au;property for sale in sorrento italy;140
au;como property for sale;140
au;one euro houses italy;140
au;property for sale in puglia italy;90
au;houses for sale in rome italy;90
au;sardinia italy real estate;90
au;sardinia property for sale;90
au;property for sale in sardinia italy;90
au;lake como italy real estate;90
au;tuscany italy real estate;90
au;sicily italy real estate;90
au;real estate rome italy;90
au;international schools italy;90
au;cost of living in italy;90
au;best places to live in italy;90
au;real estate sicily italy;90
au;TAIL_OTHER;2400
ca;idealista italy;1900
ca;homes for sale in italy;1300
ca;houses for sale in italy;1000
ca;italy real estate;880
ca;houses for sale in tuscany italy;720
ca;cost of living in italy;720
ca;property for sale in italy;480
ca;houses in italy for sale;480
ca;italian real estate;480
ca;real estate italy;480
ca;houses for sale in sicily italy;320
ca;cost of living in rome;260
ca;italy citizenship by descent;210
ca;property for sale in tuscany italy;210
ca;italy property for sale;210
ca;italian property for sale;210
ca;tuscany italy real estate;210
ca;real estate tuscany italy;210
ca;tecnocasa;170
ca;houses for sale in sardinia italy;170
ca;sicily italy real estate;170
ca;cheap houses for sale in italy;170
ca;cheap houses in italy;140
ca;houses for sale in rome italy;140
ca;sardinia italy real estate;140
ca;villas for sale in italy;140
ca;houses for sale lake como italy;140
ca;houses for sale in sorrento italy;140
ca;houses for sale in calabria italy;140
ca;permesso di soggiorno;140
ca;immobiliare.it;140
ca;italy golden visa;110
ca;houses for sale in abruzzo italy;110
ca;apartments for sale in rome italy;110
ca;lake como property for sale;110
ca;lake como italy real estate;110
ca;best places to live in italy;110
ca;land for sale italy;110
ca;puglia italy real estate;110
ca;TAIL_OTHER;2600
ie;idealista italy;1000
ie;homes for sale in italy;880
ie;houses for sale in italy;880
ie;houses in italy for sale;880
ie;property for sale in italy;720
ie;italy property for sale;720
ie;italian property for sale;720
ie;1 euro houses italy;320
ie;property for sale in puglia italy;260
ie;cheap houses for sale in italy;260
ie;puglia property for sale;260
ie;property for sale in sicily italy;260
ie;cheap property italy;260
ie;sardinia property for sale;210
ie;houses for sale in puglia italy;210
ie;apartments for sale in italy;170
ie;tecnocasa;140
ie;villas for sale in italy;140
ie;property for sale in abruzzo italy;140
ie;permesso di soggiorno;140
ie;abruzzo property for sale;110
ie;apartments for sale in rome italy;110
ie;lake como property for sale;110
ie;houses for sale lake como italy;110
ie;TAIL_OTHER;1500
ch;permesso di soggiorno;1300
ch;tecnocasa;590
ch;idealista italy;390
ch;casa.it;390
ch;houses for sale in italy;140
ch;property for sale in italy;140
ch;houses in italy for sale;140
ch;italy property for sale;140
ch;italian property for sale;140
ch;houses for sale lake como italy;140
ch;1 euro houses italy;110
ch;TAIL_OTHER;700
ae;idealista italy;170
ae;permesso di soggiorno;140
ae;1 euro houses italy;140
ae;italy golden visa;110
ae;property for sale in italy;110
ae;italy property for sale;110
ae;italian property for sale;110
ae;tecnocasa;110
ae;houses for sale in italy;70
ae;houses in italy for sale;70
ae;immobiliare.it;90
ae;TAIL_OTHER;900
sg;permesso di soggiorno;40
sg;houses for sale in italy;30
sg;houses in italy for sale;30
sg;1 euro houses italy;50
sg;property in italy;30
sg;lake como property for sale;30
sg;cheap property italy;30
sg;italy investor visa;30
sg;tecnocasa;30
sg;TAIL_OTHER;800
hk;houses for sale in italy;30
hk;houses in italy for sale;30
hk;lake como property for sale;30
hk;property in italy;30
hk;cheap property italy;30
hk;italy investor visa;30
hk;tecnocasa;30
hk;TAIL_OTHER;600
